OrderId,CustomerId,OrderTotal,OrderDate,Location,CustomerName,CustomerGeoLat,CustomerGeoLon
50050,90050,200,2021-01-10,AGA North,Mark Burton,-27.54249,153.09159
50051,90050,200,2021-01-20,AGA North,Mark Burton,-27.54249,153.09159
50052,90050,200,2021-01-25,AGA North,Mark Burton,-27.54249,153.09159
50053,90050,200,2021-01-30,AGA North,Mark Burton,-27.54249,153.09159
50054,90050,200,2021-02-06,AGA North,Mark Burton,-27.54249,153.09159
50055,90050,200,2021-02-11,AGA North,Mark Burton,-27.54249,153.09159
50056,90050,200,2021-02-15,AGA North,Mark Burton,-27.54249,153.09159
50057,90050,200,2021-02-21,AGA North,Mark Burton,-27.54249,153.09159
50058,90050,200,2021-02-28,AGA North,Mark Burton,-27.54249,153.09159
50059,90050,200,2021-03-08,AGA North,Mark Burton,-27.54249,153.09159
50060,90050,200,2021-03-11,AGA North,Mark Burton,-27.54249,153.09159
50061,90050,200,2021-03-21,AGA North,Mark Burton,-27.54249,153.09159
50062,90050,200,2021-03-27,AGA North,Mark Burton,-27.54249,153.09159
50063,90050,200,2021-04-02,AGA North,Mark Burton,-27.54249,153.09159
50050,90051,200,2021-01-10,AGA East,Matthew Melendez,-27.41269,153.07349
50051,90051,200,2021-01-15,AGA East,Matthew Melendez,-27.41269,153.07349
50052,90051,200,2021-01-21,AGA East,Matthew Melendez,-27.41269,153.07349
50053,90051,200,2021-01-28,AGA East,Matthew Melendez,-27.41269,153.07349
50054,90051,200,2021-02-01,AGA East,Matthew Melendez,-27.41269,153.07349
50055,90051,200,2021-02-06,AGA East,Matthew Melendez,-27.41269,153.07349
50056,90051,200,2021-02-12,AGA East,Matthew Melendez,-27.41269,153.07349
50057,90051,200,2021-02-15,AGA East,Matthew Melendez,-27.41269,153.07349
50058,90051,200,2021-02-22,AGA East,Matthew Melendez,-27.41269,153.07349
50059,90051,200,2021-02-27,AGA East,Matthew Melendez,-27.41269,153.07349
50060,90051,200,2021-03-04,AGA East,Matthew Melendez,-27.41269,153.07349
50061,90051,200,2021-03-06,AGA East,Matthew Melendez,-27.41269,153.07349
50062,90051,200,2021-03-11,AGA East,Matthew Melendez,-27.41269,153.07349
50063,90051,200,2021-03-18,AGA East,Matthew Melendez,-27.41269,153.07349
50064,90051,200,2021-03-24,AGA East,Matthew Melendez,-27.41269,153.07349
50065,90051,200,2021-03-26,AGA East,Matthew Melendez,-27.41269,153.07349
50050,90052,200,2021-01-14,AGA South,Steven Hicks,-27.53449,153.01259
50051,90052,200,2021-01-18,AGA South,Steven Hicks,-27.53449,153.01259
50052,90052,200,2021-01-24,AGA South,Steven Hicks,-27.53449,153.01259
50053,90052,200,2021-02-01,AGA South,Steven Hicks,-27.53449,153.01259
50054,90052,200,2021-02-06,AGA South,Steven Hicks,-27.53449,153.01259
50055,90052,200,2021-02-11,AGA South,Steven Hicks,-27.53449,153.01259
50056,90052,200,2021-02-15,AGA South,Steven Hicks,-27.53449,153.01259
50057,90052,200,2021-02-24,AGA South,Steven Hicks,-27.53449,153.01259
50058,90052,200,2021-03-01,AGA South,Steven Hicks,-27.53449,153.01259
50059,90052,200,2021-03-07,AGA South,Steven Hicks,-27.53449,153.01259
50060,90052,200,2021-03-12,AGA South,Steven Hicks,-27.53449,153.01259
50061,90052,200,2021-03-20,AGA South,Steven Hicks,-27.53449,153.01259
50062,90052,200,2021-03-23,AGA South,Steven Hicks,-27.53449,153.01259
50063,90052,200,2021-04-02,AGA South,Steven Hicks,-27.53449,153.01259
50064,90052,200,2021-04-05,AGA South,Steven Hicks,-27.53449,153.01259
50050,90053,200,2021-01-10,AGA West,Joseph Smith,-27.47359,153.03659
50051,90053,200,2021-01-16,AGA West,Joseph Smith,-27.47359,153.03659
50052,90053,200,2021-01-19,AGA West,Joseph Smith,-27.47359,153.03659
50053,90053,200,2021-01-23,AGA West,Joseph Smith,-27.47359,153.03659
50054,90053,200,2021-01-28,AGA West,Joseph Smith,-27.47359,153.03659
50055,90053,200,2021-02-01,AGA West,Joseph Smith,-27.47359,153.03659
50056,90053,200,2021-02-03,AGA West,Joseph Smith,-27.47359,153.03659
50057,90053,200,2021-02-07,AGA West,Joseph Smith,-27.47359,153.03659
50058,90053,200,2021-02-12,AGA West,Joseph Smith,-27.47359,153.03659
50059,90053,200,2021-02-16,AGA West,Joseph Smith,-27.47359,153.03659
50060,90053,200,2021-02-19,AGA West,Joseph Smith,-27.47359,153.03659
50061,90053,200,2021-02-25,AGA West,Joseph Smith,-27.47359,153.03659
50062,90053,200,2021-02-28,AGA West,Joseph Smith,-27.47359,153.03659
50063,90053,200,2021-03-05,AGA West,Joseph Smith,-27.47359,153.03659
50064,90053,200,2021-03-08,AGA West,Joseph Smith,-27.47359,153.03659
50065,90053,200,2021-03-11,AGA West,Joseph Smith,-27.47359,153.03659
50066,90053,200,2021-03-16,AGA West,Joseph Smith,-27.47359,153.03659
50067,90053,200,2021-03-19,AGA West,Joseph Smith,-27.47359,153.03659
50068,90053,200,2021-03-25,AGA West,Joseph Smith,-27.47359,153.03659
50069,90053,200,2021-03-29,AGA West,Joseph Smith,-27.47359,153.03659
50070,90053,200,2021-04-01,AGA West,Joseph Smith,-27.47359,153.03659
50050,90054,200,2021-01-10,AGA North,Amanda Rodriguez,-27.45979,152.97019
50051,90054,200,2021-01-14,AGA North,Amanda Rodriguez,-27.45979,152.97019
50052,90054,200,2021-01-17,AGA North,Amanda Rodriguez,-27.45979,152.97019
50053,90054,200,2021-01-20,AGA North,Amanda Rodriguez,-27.45979,152.97019
50054,90054,200,2021-01-22,AGA North,Amanda Rodriguez,-27.45979,152.97019
50055,90054,200,2021-01-25,AGA North,Amanda Rodriguez,-27.45979,152.97019
50056,90054,200,2021-01-28,AGA North,Amanda Rodriguez,-27.45979,152.97019
50057,90054,200,2021-02-01,AGA North,Amanda Rodriguez,-27.45979,152.97019
50058,90054,200,2021-02-03,AGA North,Amanda Rodriguez,-27.45979,152.97019
50059,90054,200,2021-02-07,AGA North,Amanda Rodriguez,-27.45979,152.97019
50060,90054,200,2021-02-10,AGA North,Amanda Rodriguez,-27.45979,152.97019
50061,90054,200,2021-02-13,AGA North,Amanda Rodriguez,-27.45979,152.97019
50062,90054,200,2021-02-15,AGA North,Amanda Rodriguez,-27.45979,152.97019
50063,90054,200,2021-02-18,AGA North,Amanda Rodriguez,-27.45979,152.97019
50064,90054,200,2021-02-22,AGA North,Amanda Rodriguez,-27.45979,152.97019
50065,90054,200,2021-02-24,AGA North,Amanda Rodriguez,-27.45979,152.97019
50066,90054,200,2021-02-27,AGA North,Amanda Rodriguez,-27.45979,152.97019
50067,90054,200,2021-03-02,AGA North,Amanda Rodriguez,-27.45979,152.97019
50068,90054,200,2021-03-06,AGA North,Amanda Rodriguez,-27.45979,152.97019
50069,90054,200,2021-03-09,AGA North,Amanda Rodriguez,-27.45979,152.97019
50070,90054,200,2021-03-11,AGA North,Amanda Rodriguez,-27.45979,152.97019
50071,90054,200,2021-03-15,AGA North,Amanda Rodriguez,-27.45979,152.97019
50072,90054,200,2021-03-18,AGA North,Amanda Rodriguez,-27.45979,152.97019
50073,90054,200,2021-03-20,AGA North,Amanda Rodriguez,-27.45979,152.97019
50074,90054,200,2021-03-24,AGA North,Amanda Rodriguez,-27.45979,152.97019
50050,90055,200,2021-01-11,AGA North,Elizabeth Baxter,-27.41409,153.08889
50051,90055,200,2021-01-13,AGA North,Elizabeth Baxter,-27.41409,153.08889
50052,90055,200,2021-01-17,AGA North,Elizabeth Baxter,-27.41409,153.08889
50053,90055,200,2021-01-19,AGA North,Elizabeth Baxter,-27.41409,153.08889
50054,90055,200,2021-01-23,AGA North,Elizabeth Baxter,-27.41409,153.08889
50055,90055,200,2021-01-26,AGA North,Elizabeth Baxter,-27.41409,153.08889
50056,90055,200,2021-01-29,AGA North,Elizabeth Baxter,-27.41409,153.08889
50057,90055,200,2021-01-31,AGA North,Elizabeth Baxter,-27.41409,153.08889
50058,90055,200,2021-02-03,AGA North,Elizabeth Baxter,-27.41409,153.08889
50059,90055,200,2021-02-06,AGA North,Elizabeth Baxter,-27.41409,153.08889
50060,90055,200,2021-02-10,AGA North,Elizabeth Baxter,-27.41409,153.08889
50061,90055,200,2021-02-13,AGA North,Elizabeth Baxter,-27.41409,153.08889
50062,90055,200,2021-02-15,AGA North,Elizabeth Baxter,-27.41409,153.08889
50063,90055,200,2021-02-18,AGA North,Elizabeth Baxter,-27.41409,153.08889
50064,90055,200,2021-02-21,AGA North,Elizabeth Baxter,-27.41409,153.08889
50065,90055,200,2021-02-25,AGA North,Elizabeth Baxter,-27.41409,153.08889
50066,90055,200,2021-02-27,AGA North,Elizabeth Baxter,-27.41409,153.08889
50067,90055,200,2021-03-03,AGA North,Elizabeth Baxter,-27.41409,153.08889
50068,90055,200,2021-03-05,AGA North,Elizabeth Baxter,-27.41409,153.08889
50069,90055,200,2021-03-09,AGA North,Elizabeth Baxter,-27.41409,153.08889
50070,90055,200,2021-03-12,AGA North,Elizabeth Baxter,-27.41409,153.08889
50071,90055,200,2021-03-15,AGA North,Elizabeth Baxter,-27.41409,153.08889
50072,90055,200,2021-03-18,AGA North,Elizabeth Baxter,-27.41409,153.08889
50073,90055,200,2021-03-20,AGA North,Elizabeth Baxter,-27.41409,153.08889
50074,90055,200,2021-03-24,AGA North,Elizabeth Baxter,-27.41409,153.08889
50075,90055,200,2021-03-27,AGA North,Elizabeth Baxter,-27.41409,153.08889
50050,90056,200,2021-01-10,AGA West,Amy Perry,-27.40929,152.96029
50051,90056,200,2021-01-17,AGA West,Amy Perry,-27.40929,152.96029
50052,90056,200,2021-01-21,AGA West,Amy Perry,-27.40929,152.96029
50053,90056,200,2021-01-27,AGA West,Amy Perry,-27.40929,152.96029
50054,90056,200,2021-01-31,AGA West,Amy Perry,-27.40929,152.96029
50055,90056,200,2021-02-06,AGA West,Amy Perry,-27.40929,152.96029
50056,90056,200,2021-02-10,AGA West,Amy Perry,-27.40929,152.96029
50057,90056,200,2021-02-16,AGA West,Amy Perry,-27.40929,152.96029
50058,90056,200,2021-02-19,AGA West,Amy Perry,-27.40929,152.96029
50059,90056,200,2021-02-25,AGA West,Amy Perry,-27.40929,152.96029
50060,90056,200,2021-03-02,AGA West,Amy Perry,-27.40929,152.96029
50061,90056,200,2021-03-06,AGA West,Amy Perry,-27.40929,152.96029
50062,90056,200,2021-03-13,AGA West,Amy Perry,-27.40929,152.96029
50063,90056,200,2021-03-16,AGA West,Amy Perry,-27.40929,152.96029
50064,90056,200,2021-03-23,AGA West,Amy Perry,-27.40929,152.96029
50065,90056,200,2021-03-28,AGA West,Amy Perry,-27.40929,152.96029
50066,90056,200,2021-04-02,AGA West,Amy Perry,-27.40929,152.96029
50050,90057,200,2021-01-10,AGA South,Amanda Baker,-27.49959,152.98918999999998
50051,90057,200,2021-01-19,AGA South,Amanda Baker,-27.49959,152.98918999999998
50052,90057,200,2021-01-22,AGA South,Amanda Baker,-27.49959,152.98918999999998
50053,90057,200,2021-01-29,AGA South,Amanda Baker,-27.49959,152.98918999999998
50054,90057,200,2021-02-07,AGA South,Amanda Baker,-27.49959,152.98918999999998
50055,90057,200,2021-02-09,AGA South,Amanda Baker,-27.49959,152.98918999999998
50056,90057,200,2021-02-15,AGA South,Amanda Baker,-27.49959,152.98918999999998
50057,90057,200,2021-02-24,AGA South,Amanda Baker,-27.49959,152.98918999999998
50058,90057,200,2021-02-28,AGA South,Amanda Baker,-27.49959,152.98918999999998
50059,90057,200,2021-03-08,AGA South,Amanda Baker,-27.49959,152.98918999999998
50060,90057,200,2021-03-14,AGA South,Amanda Baker,-27.49959,152.98918999999998
50061,90057,200,2021-03-20,AGA South,Amanda Baker,-27.49959,152.98918999999998
50062,90057,200,2021-03-24,AGA South,Amanda Baker,-27.49959,152.98918999999998
50063,90057,200,2021-04-01,AGA South,Amanda Baker,-27.49959,152.98918999999998
50050,90058,200,2021-01-11,AGA HQ,Pamela Beck,-27.54179,152.96788999999998
50051,90058,200,2021-01-14,AGA HQ,Pamela Beck,-27.54179,152.96788999999998
50052,90058,200,2021-01-16,AGA HQ,Pamela Beck,-27.54179,152.96788999999998
50053,90058,200,2021-01-19,AGA HQ,Pamela Beck,-27.54179,152.96788999999998
50054,90058,200,2021-01-22,AGA HQ,Pamela Beck,-27.54179,152.96788999999998
50055,90058,200,2021-01-25,AGA HQ,Pamela Beck,-27.54179,152.96788999999998
50056,90058,200,2021-01-29,AGA HQ,Pamela Beck,-27.54179,152.96788999999998
50057,90058,200,2021-02-01,AGA HQ,Pamela Beck,-27.54179,152.96788999999998
50058,90058,200,2021-02-03,AGA HQ,Pamela Beck,-27.54179,152.96788999999998
50059,90058,200,2021-02-06,AGA HQ,Pamela Beck,-27.54179,152.96788999999998
50060,90058,200,2021-02-10,AGA HQ,Pamela Beck,-27.54179,152.96788999999998
50061,90058,200,2021-02-13,AGA HQ,Pamela Beck,-27.54179,152.96788999999998
50062,90058,200,2021-02-16,AGA HQ,Pamela Beck,-27.54179,152.96788999999998
50063,90058,200,2021-02-18,AGA HQ,Pamela Beck,-27.54179,152.96788999999998
50064,90058,200,2021-02-21,AGA HQ,Pamela Beck,-27.54179,152.96788999999998
50065,90058,200,2021-02-24,AGA HQ,Pamela Beck,-27.54179,152.96788999999998
50066,90058,200,2021-02-28,AGA HQ,Pamela Beck,-27.54179,152.96788999999998
50067,90058,200,2021-03-03,AGA HQ,Pamela Beck,-27.54179,152.96788999999998
50068,90058,200,2021-03-05,AGA HQ,Pamela Beck,-27.54179,152.96788999999998
50069,90058,200,2021-03-09,AGA HQ,Pamela Beck,-27.54179,152.96788999999998
50070,90058,200,2021-03-12,AGA HQ,Pamela Beck,-27.54179,152.96788999999998
50071,90058,200,2021-03-14,AGA HQ,Pamela Beck,-27.54179,152.96788999999998
50072,90058,200,2021-03-18,AGA HQ,Pamela Beck,-27.54179,152.96788999999998
50073,90058,200,2021-03-21,AGA HQ,Pamela Beck,-27.54179,152.96788999999998
50074,90058,200,2021-03-23,AGA HQ,Pamela Beck,-27.54179,152.96788999999998
50050,90059,200,2021-01-12,AGA West,Larry Pierce,-27.49289,153.06839
50051,90059,200,2021-01-18,AGA West,Larry Pierce,-27.49289,153.06839
50052,90059,200,2021-01-23,AGA West,Larry Pierce,-27.49289,153.06839
50053,90059,200,2021-01-28,AGA West,Larry Pierce,-27.49289,153.06839
50054,90059,200,2021-02-04,AGA West,Larry Pierce,-27.49289,153.06839
50055,90059,200,2021-02-12,AGA West,Larry Pierce,-27.49289,153.06839
50056,90059,200,2021-02-19,AGA West,Larry Pierce,-27.49289,153.06839
50057,90059,200,2021-02-24,AGA West,Larry Pierce,-27.49289,153.06839
50058,90059,200,2021-03-03,AGA West,Larry Pierce,-27.49289,153.06839
50059,90059,200,2021-03-07,AGA West,Larry Pierce,-27.49289,153.06839
50060,90059,200,2021-03-13,AGA West,Larry Pierce,-27.49289,153.06839
50061,90059,200,2021-03-20,AGA West,Larry Pierce,-27.49289,153.06839
50062,90059,200,2021-03-24,AGA West,Larry Pierce,-27.49289,153.06839
50063,90059,200,2021-03-30,AGA West,Larry Pierce,-27.49289,153.06839
50050,90060,200,2021-01-11,AGA HQ,Curtis White,-27.42379,153.09028999999998
50051,90060,200,2021-01-13,AGA HQ,Curtis White,-27.42379,153.09028999999998
50052,90060,200,2021-01-17,AGA HQ,Curtis White,-27.42379,153.09028999999998
50053,90060,200,2021-01-19,AGA HQ,Curtis White,-27.42379,153.09028999999998
50054,90060,200,2021-01-22,AGA HQ,Curtis White,-27.42379,153.09028999999998
50055,90060,200,2021-01-26,AGA HQ,Curtis White,-27.42379,153.09028999999998
50056,90060,200,2021-01-28,AGA HQ,Curtis White,-27.42379,153.09028999999998
50057,90060,200,2021-01-31,AGA HQ,Curtis White,-27.42379,153.09028999999998
50058,90060,200,2021-02-03,AGA HQ,Curtis White,-27.42379,153.09028999999998
50059,90060,200,2021-02-07,AGA HQ,Curtis White,-27.42379,153.09028999999998
50060,90060,200,2021-02-09,AGA HQ,Curtis White,-27.42379,153.09028999999998
50061,90060,200,2021-02-12,AGA HQ,Curtis White,-27.42379,153.09028999999998
50062,90060,200,2021-02-15,AGA HQ,Curtis White,-27.42379,153.09028999999998
50063,90060,200,2021-02-18,AGA HQ,Curtis White,-27.42379,153.09028999999998
50064,90060,200,2021-02-21,AGA HQ,Curtis White,-27.42379,153.09028999999998
50065,90060,200,2021-02-24,AGA HQ,Curtis White,-27.42379,153.09028999999998
50066,90060,200,2021-02-28,AGA HQ,Curtis White,-27.42379,153.09028999999998
50067,90060,200,2021-03-03,AGA HQ,Curtis White,-27.42379,153.09028999999998
50068,90060,200,2021-03-06,AGA HQ,Curtis White,-27.42379,153.09028999999998
50069,90060,200,2021-03-09,AGA HQ,Curtis White,-27.42379,153.09028999999998
50070,90060,200,2021-03-11,AGA HQ,Curtis White,-27.42379,153.09028999999998
50071,90060,200,2021-03-14,AGA HQ,Curtis White,-27.42379,153.09028999999998
50072,90060,200,2021-03-18,AGA HQ,Curtis White,-27.42379,153.09028999999998
50073,90060,200,2021-03-20,AGA HQ,Curtis White,-27.42379,153.09028999999998
50074,90060,200,2021-03-23,AGA HQ,Curtis White,-27.42379,153.09028999999998
50075,90060,200,2021-03-27,AGA HQ,Curtis White,-27.42379,153.09028999999998
50076,90060,200,2021-03-29,AGA HQ,Curtis White,-27.42379,153.09028999999998
50077,90060,200,2021-04-02,AGA HQ,Curtis White,-27.42379,153.09028999999998
50050,90061,200,2021-01-11,AGA North,Timothy Jimenez,-27.42579,153.08268999999999
50051,90061,200,2021-01-13,AGA North,Timothy Jimenez,-27.42579,153.08268999999999
50052,90061,200,2021-01-17,AGA North,Timothy Jimenez,-27.42579,153.08268999999999
50053,90061,200,2021-01-19,AGA North,Timothy Jimenez,-27.42579,153.08268999999999
50054,90061,200,2021-01-22,AGA North,Timothy Jimenez,-27.42579,153.08268999999999
50055,90061,200,2021-01-26,AGA North,Timothy Jimenez,-27.42579,153.08268999999999
50056,90061,200,2021-01-28,AGA North,Timothy Jimenez,-27.42579,153.08268999999999
50057,90061,200,2021-02-01,AGA North,Timothy Jimenez,-27.42579,153.08268999999999
50058,90061,200,2021-02-04,AGA North,Timothy Jimenez,-27.42579,153.08268999999999
50059,90061,200,2021-02-06,AGA North,Timothy Jimenez,-27.42579,153.08268999999999
50060,90061,200,2021-02-09,AGA North,Timothy Jimenez,-27.42579,153.08268999999999
50061,90061,200,2021-02-13,AGA North,Timothy Jimenez,-27.42579,153.08268999999999
50062,90061,200,2021-02-15,AGA North,Timothy Jimenez,-27.42579,153.08268999999999
50063,90061,200,2021-02-19,AGA North,Timothy Jimenez,-27.42579,153.08268999999999
50064,90061,200,2021-02-21,AGA North,Timothy Jimenez,-27.42579,153.08268999999999
50065,90061,200,2021-02-24,AGA North,Timothy Jimenez,-27.42579,153.08268999999999
50066,90061,200,2021-02-27,AGA North,Timothy Jimenez,-27.42579,153.08268999999999
50067,90061,200,2021-03-03,AGA North,Timothy Jimenez,-27.42579,153.08268999999999
50068,90061,200,2021-03-06,AGA North,Timothy Jimenez,-27.42579,153.08268999999999
50069,90061,200,2021-03-08,AGA North,Timothy Jimenez,-27.42579,153.08268999999999
50070,90061,200,2021-03-12,AGA North,Timothy Jimenez,-27.42579,153.08268999999999
50071,90061,200,2021-03-15,AGA North,Timothy Jimenez,-27.42579,153.08268999999999
50072,90061,200,2021-03-18,AGA North,Timothy Jimenez,-27.42579,153.08268999999999
50073,90061,200,2021-03-20,AGA North,Timothy Jimenez,-27.42579,153.08268999999999
50074,90061,200,2021-03-23,AGA North,Timothy Jimenez,-27.42579,153.08268999999999
50075,90061,200,2021-03-27,AGA North,Timothy Jimenez,-27.42579,153.08268999999999
50076,90061,200,2021-03-29,AGA North,Timothy Jimenez,-27.42579,153.08268999999999
50050,90062,200,2021-01-11,AGA East,Leah Smith,-27.45719,153.00718999999998
50051,90062,200,2021-01-15,AGA East,Leah Smith,-27.45719,153.00718999999998
50052,90062,200,2021-01-20,AGA East,Leah Smith,-27.45719,153.00718999999998
50053,90062,200,2021-01-27,AGA East,Leah Smith,-27.45719,153.00718999999998
50054,90062,200,2021-01-31,AGA East,Leah Smith,-27.45719,153.00718999999998
50055,90062,200,2021-02-07,AGA East,Leah Smith,-27.45719,153.00718999999998
50056,90062,200,2021-02-12,AGA East,Leah Smith,-27.45719,153.00718999999998
50057,90062,200,2021-02-17,AGA East,Leah Smith,-27.45719,153.00718999999998
50058,90062,200,2021-02-22,AGA East,Leah Smith,-27.45719,153.00718999999998
50059,90062,200,2021-02-27,AGA East,Leah Smith,-27.45719,153.00718999999998
50060,90062,200,2021-03-02,AGA East,Leah Smith,-27.45719,153.00718999999998
50061,90062,200,2021-03-07,AGA East,Leah Smith,-27.45719,153.00718999999998
50062,90062,200,2021-03-12,AGA East,Leah Smith,-27.45719,153.00718999999998
50063,90062,200,2021-03-16,AGA East,Leah Smith,-27.45719,153.00718999999998
50064,90062,200,2021-03-23,AGA East,Leah Smith,-27.45719,153.00718999999998
50065,90062,200,2021-03-29,AGA East,Leah Smith,-27.45719,153.00718999999998
50066,90062,200,2021-04-01,AGA East,Leah Smith,-27.45719,153.00718999999998
50050,90063,200,2021-01-11,AGA West,Carl Rhodes,-27.506990000000002,153.10058999999998
50051,90063,200,2021-01-17,AGA West,Carl Rhodes,-27.506990000000002,153.10058999999998
50052,90063,200,2021-01-25,AGA West,Carl Rhodes,-27.506990000000002,153.10058999999998
50053,90063,200,2021-02-01,AGA West,Carl Rhodes,-27.506990000000002,153.10058999999998
50054,90063,200,2021-02-07,AGA West,Carl Rhodes,-27.506990000000002,153.10058999999998
50055,90063,200,2021-02-16,AGA West,Carl Rhodes,-27.506990000000002,153.10058999999998
50056,90063,200,2021-02-24,AGA West,Carl Rhodes,-27.506990000000002,153.10058999999998
50057,90063,200,2021-02-28,AGA West,Carl Rhodes,-27.506990000000002,153.10058999999998
50058,90063,200,2021-03-11,AGA West,Carl Rhodes,-27.506990000000002,153.10058999999998
50059,90063,200,2021-03-17,AGA West,Carl Rhodes,-27.506990000000002,153.10058999999998
50060,90063,200,2021-03-23,AGA West,Carl Rhodes,-27.506990000000002,153.10058999999998
50061,90063,200,2021-04-02,AGA West,Carl Rhodes,-27.506990000000002,153.10058999999998
50050,90064,200,2021-01-11,AGA South,Brittany Crawford,-27.43119,153.04219
50051,90064,200,2021-01-14,AGA South,Brittany Crawford,-27.43119,153.04219
50052,90064,200,2021-01-16,AGA South,Brittany Crawford,-27.43119,153.04219
50053,90064,200,2021-01-19,AGA South,Brittany Crawford,-27.43119,153.04219
50054,90064,200,2021-01-22,AGA South,Brittany Crawford,-27.43119,153.04219
50055,90064,200,2021-01-25,AGA South,Brittany Crawford,-27.43119,153.04219
50056,90064,200,2021-01-28,AGA South,Brittany Crawford,-27.43119,153.04219
50057,90064,200,2021-02-01,AGA South,Brittany Crawford,-27.43119,153.04219
50058,90064,200,2021-02-04,AGA South,Brittany Crawford,-27.43119,153.04219
50059,90064,200,2021-02-06,AGA South,Brittany Crawford,-27.43119,153.04219
50060,90064,200,2021-02-10,AGA South,Brittany Crawford,-27.43119,153.04219
50061,90064,200,2021-02-12,AGA South,Brittany Crawford,-27.43119,153.04219
50062,90064,200,2021-02-15,AGA South,Brittany Crawford,-27.43119,153.04219
50063,90064,200,2021-02-18,AGA South,Brittany Crawford,-27.43119,153.04219
50064,90064,200,2021-02-21,AGA South,Brittany Crawford,-27.43119,153.04219
50065,90064,200,2021-02-25,AGA South,Brittany Crawford,-27.43119,153.04219
50066,90064,200,2021-02-28,AGA South,Brittany Crawford,-27.43119,153.04219
50067,90064,200,2021-03-03,AGA South,Brittany Crawford,-27.43119,153.04219
50068,90064,200,2021-03-06,AGA South,Brittany Crawford,-27.43119,153.04219
50069,90064,200,2021-03-08,AGA South,Brittany Crawford,-27.43119,153.04219
50070,90064,200,2021-03-12,AGA South,Brittany Crawford,-27.43119,153.04219
50071,90064,200,2021-03-15,AGA South,Brittany Crawford,-27.43119,153.04219
50072,90064,200,2021-03-18,AGA South,Brittany Crawford,-27.43119,153.04219
50073,90064,200,2021-03-20,AGA South,Brittany Crawford,-27.43119,153.04219
50074,90064,200,2021-03-23,AGA South,Brittany Crawford,-27.43119,153.04219
50075,90064,200,2021-03-26,AGA South,Brittany Crawford,-27.43119,153.04219
50076,90064,200,2021-03-29,AGA South,Brittany Crawford,-27.43119,153.04219
50050,90065,200,2021-01-10,AGA West,Mark Stanley,-27.53159,153.00279
50051,90065,200,2021-01-18,AGA West,Mark Stanley,-27.53159,153.00279
50052,90065,200,2021-01-23,AGA West,Mark Stanley,-27.53159,153.00279
50053,90065,200,2021-01-31,AGA West,Mark Stanley,-27.53159,153.00279
50054,90065,200,2021-02-07,AGA West,Mark Stanley,-27.53159,153.00279
50055,90065,200,2021-02-09,AGA West,Mark Stanley,-27.53159,153.00279
50056,90065,200,2021-02-18,AGA West,Mark Stanley,-27.53159,153.00279
50057,90065,200,2021-02-24,AGA West,Mark Stanley,-27.53159,153.00279
50058,90065,200,2021-02-27,AGA West,Mark Stanley,-27.53159,153.00279
50059,90065,200,2021-03-06,AGA West,Mark Stanley,-27.53159,153.00279
50060,90065,200,2021-03-11,AGA West,Mark Stanley,-27.53159,153.00279
50061,90065,200,2021-03-19,AGA West,Mark Stanley,-27.53159,153.00279
50062,90065,200,2021-03-25,AGA West,Mark Stanley,-27.53159,153.00279
50050,90066,200,2021-01-12,AGA North,Justin Cunningham,-27.51109,153.05608999999998
50051,90066,200,2021-01-14,AGA North,Justin Cunningham,-27.51109,153.05608999999998
50052,90066,200,2021-01-20,AGA North,Justin Cunningham,-27.51109,153.05608999999998
50053,90066,200,2021-01-22,AGA North,Justin Cunningham,-27.51109,153.05608999999998
50054,90066,200,2021-01-27,AGA North,Justin Cunningham,-27.51109,153.05608999999998
50055,90066,200,2021-02-01,AGA North,Justin Cunningham,-27.51109,153.05608999999998
50056,90066,200,2021-02-05,AGA North,Justin Cunningham,-27.51109,153.05608999999998
50057,90066,200,2021-02-08,AGA North,Justin Cunningham,-27.51109,153.05608999999998
50058,90066,200,2021-02-13,AGA North,Justin Cunningham,-27.51109,153.05608999999998
50059,90066,200,2021-02-15,AGA North,Justin Cunningham,-27.51109,153.05608999999998
50060,90066,200,2021-02-20,AGA North,Justin Cunningham,-27.51109,153.05608999999998
50061,90066,200,2021-02-24,AGA North,Justin Cunningham,-27.51109,153.05608999999998
50062,90066,200,2021-03-01,AGA North,Justin Cunningham,-27.51109,153.05608999999998
50063,90066,200,2021-03-04,AGA North,Justin Cunningham,-27.51109,153.05608999999998
50064,90066,200,2021-03-09,AGA North,Justin Cunningham,-27.51109,153.05608999999998
50065,90066,200,2021-03-13,AGA North,Justin Cunningham,-27.51109,153.05608999999998
50066,90066,200,2021-03-16,AGA North,Justin Cunningham,-27.51109,153.05608999999998
50067,90066,200,2021-03-20,AGA North,Justin Cunningham,-27.51109,153.05608999999998
50068,90066,200,2021-03-25,AGA North,Justin Cunningham,-27.51109,153.05608999999998
50069,90066,200,2021-03-28,AGA North,Justin Cunningham,-27.51109,153.05608999999998
50070,90066,200,2021-03-31,AGA North,Justin Cunningham,-27.51109,153.05608999999998
50050,90067,200,2021-01-11,AGA North,Matthew Yates,-27.53929,153.09358999999998
50051,90067,200,2021-01-14,AGA North,Matthew Yates,-27.53929,153.09358999999998
50052,90067,200,2021-01-18,AGA North,Matthew Yates,-27.53929,153.09358999999998
50053,90067,200,2021-01-23,AGA North,Matthew Yates,-27.53929,153.09358999999998
50054,90067,200,2021-01-28,AGA North,Matthew Yates,-27.53929,153.09358999999998
50055,90067,200,2021-02-01,AGA North,Matthew Yates,-27.53929,153.09358999999998
50056,90067,200,2021-02-05,AGA North,Matthew Yates,-27.53929,153.09358999999998
50057,90067,200,2021-02-07,AGA North,Matthew Yates,-27.53929,153.09358999999998
50058,90067,200,2021-02-12,AGA North,Matthew Yates,-27.53929,153.09358999999998
50059,90067,200,2021-02-15,AGA North,Matthew Yates,-27.53929,153.09358999999998
50060,90067,200,2021-02-19,AGA North,Matthew Yates,-27.53929,153.09358999999998
50061,90067,200,2021-02-23,AGA North,Matthew Yates,-27.53929,153.09358999999998
50062,90067,200,2021-02-28,AGA North,Matthew Yates,-27.53929,153.09358999999998
50063,90067,200,2021-03-05,AGA North,Matthew Yates,-27.53929,153.09358999999998
50064,90067,200,2021-03-08,AGA North,Matthew Yates,-27.53929,153.09358999999998
50065,90067,200,2021-03-11,AGA North,Matthew Yates,-27.53929,153.09358999999998
50066,90067,200,2021-03-16,AGA North,Matthew Yates,-27.53929,153.09358999999998
50067,90067,200,2021-03-20,AGA North,Matthew Yates,-27.53929,153.09358999999998
50068,90067,200,2021-03-25,AGA North,Matthew Yates,-27.53929,153.09358999999998
50050,90068,200,2021-01-12,AGA HQ,Robert Lang,-27.52999,153.04998999999998
50051,90068,200,2021-01-14,AGA HQ,Robert Lang,-27.52999,153.04998999999998
50052,90068,200,2021-01-19,AGA HQ,Robert Lang,-27.52999,153.04998999999998
50053,90068,200,2021-01-24,AGA HQ,Robert Lang,-27.52999,153.04998999999998
50054,90068,200,2021-01-28,AGA HQ,Robert Lang,-27.52999,153.04998999999998
50055,90068,200,2021-02-01,AGA HQ,Robert Lang,-27.52999,153.04998999999998
50056,90068,200,2021-02-04,AGA HQ,Robert Lang,-27.52999,153.04998999999998
50057,90068,200,2021-02-09,AGA HQ,Robert Lang,-27.52999,153.04998999999998
50058,90068,200,2021-02-12,AGA HQ,Robert Lang,-27.52999,153.04998999999998
50059,90068,200,2021-02-15,AGA HQ,Robert Lang,-27.52999,153.04998999999998
50060,90068,200,2021-02-21,AGA HQ,Robert Lang,-27.52999,153.04998999999998
50061,90068,200,2021-02-24,AGA HQ,Robert Lang,-27.52999,153.04998999999998
50062,90068,200,2021-02-27,AGA HQ,Robert Lang,-27.52999,153.04998999999998
50063,90068,200,2021-03-05,AGA HQ,Robert Lang,-27.52999,153.04998999999998
50064,90068,200,2021-03-08,AGA HQ,Robert Lang,-27.52999,153.04998999999998
50065,90068,200,2021-03-13,AGA HQ,Robert Lang,-27.52999,153.04998999999998
50066,90068,200,2021-03-17,AGA HQ,Robert Lang,-27.52999,153.04998999999998
50067,90068,200,2021-03-20,AGA HQ,Robert Lang,-27.52999,153.04998999999998
50068,90068,200,2021-03-25,AGA HQ,Robert Lang,-27.52999,153.04998999999998
50069,90068,200,2021-03-28,AGA HQ,Robert Lang,-27.52999,153.04998999999998
50070,90068,200,2021-04-02,AGA HQ,Robert Lang,-27.52999,153.04998999999998
50071,90068,200,2021-04-06,AGA HQ,Robert Lang,-27.52999,153.04998999999998
50050,90069,200,2021-01-10,AGA South,Elizabeth Holt,-27.42669,153.01789
50051,90069,200,2021-01-15,AGA South,Elizabeth Holt,-27.42669,153.01789
50052,90069,200,2021-01-19,AGA South,Elizabeth Holt,-27.42669,153.01789
50053,90069,200,2021-01-24,AGA South,Elizabeth Holt,-27.42669,153.01789
50054,90069,200,2021-01-28,AGA South,Elizabeth Holt,-27.42669,153.01789
50055,90069,200,2021-02-01,AGA South,Elizabeth Holt,-27.42669,153.01789
50056,90069,200,2021-02-04,AGA South,Elizabeth Holt,-27.42669,153.01789
50057,90069,200,2021-02-09,AGA South,Elizabeth Holt,-27.42669,153.01789
50058,90069,200,2021-02-13,AGA South,Elizabeth Holt,-27.42669,153.01789
50059,90069,200,2021-02-16,AGA South,Elizabeth Holt,-27.42669,153.01789
50060,90069,200,2021-02-20,AGA South,Elizabeth Holt,-27.42669,153.01789
50061,90069,200,2021-02-23,AGA South,Elizabeth Holt,-27.42669,153.01789
50062,90069,200,2021-02-28,AGA South,Elizabeth Holt,-27.42669,153.01789
50063,90069,200,2021-03-04,AGA South,Elizabeth Holt,-27.42669,153.01789
50064,90069,200,2021-03-09,AGA South,Elizabeth Holt,-27.42669,153.01789
50065,90069,200,2021-03-13,AGA South,Elizabeth Holt,-27.42669,153.01789
50066,90069,200,2021-03-17,AGA South,Elizabeth Holt,-27.42669,153.01789
50067,90069,200,2021-03-19,AGA South,Elizabeth Holt,-27.42669,153.01789
50068,90069,200,2021-03-24,AGA South,Elizabeth Holt,-27.42669,153.01789
